Short_Title	Composer	Genre	Manuscript_source	Folio_numbers	Number_of_voices	Clefs	Concordant_Sources	Primary Edition	Reference	MEI_CMN_file	MEI_MENS_file	PDF_file	Mp3_file	Has_online_images	IIIF_manifest	DIAMM_composition	DIAMM_source	Other_online_images	Transcription_entered_by	Transcription_entered_date	Transcription_checked_by	Transcription_checked_by_date	Additional_comments_on_transcription	Notes_on_motet_texts	Variants_description	quadruplum	triplum	motetus	tenor	contratenor
Li dous maus	Anonymous	Motet	Mo	351v, 352r, 352v	3	c1, c2, c4		Rokseth	Mo 8,305	Montpellier/305.mei	Montpellier/305_MENSURAL.mei			Yes		https://www.diamm.ac.uk/compositions/86557/	https://www.diamm.ac.uk/sources/888/	http://bvmm.irht.cnrs.fr/consult/consult.php?reproductionId=8028	KD	2/4/2015	EH, SH, KD, DS	2/21/17	Scanned file corrected from Rokseth. Rhythmic durations augmented following our project’s transcription conventions. Pitches, rhythms and mensural notation features checked and corrected against manuscript source.	Text follows Mo.	Mot 4.1 breve partially obscured by the decorated initial /		Mout ai longuement Amour	Li dous maus d'amer	PORTARE	
O virtutis	Anonymous	Motet	Mo	352v, 353r	3	c4, c4, f3		Rokseth	Mo 8,306	Montpellier/306.mei	Montpellier/306_MENSURAL.mei			Yes		https://www.diamm.ac.uk/compositions/86560/	https://www.diamm.ac.uk/sources/888/	http://bvmm.irht.cnrs.fr/consult/consult.php?reproductionId=8028	SM	3/4/2015	EH, SH, KD, DS	12/13/17	Scanned file corrected from Rokseth. Rhythmic durations augmented following our project’s transcription conventions. Pitches, rhythms and mensural notation features checked and corrected against manuscript source.	Text follows Mo.	-		O presul eximie	O virtutis speculum	SACERDOTUM	
O regina glorie	Anonymous	Motet	Mo	353v, 354r, 354v	3	c2, c3, c4		Rokseth	Mo 8,307	Montpellier/307.mei	Montpellier/307_MENSURAL.mei			Yes		https://www.diamm.ac.uk/compositions/86559/	https://www.diamm.ac.uk/sources/888/	http://bvmm.irht.cnrs.fr/consult/consult.php?reproductionId=8028	SM	3/6/2015	EH, SH, KD, DS	10/9/17	Scanned file corrected from Rokseth. Rhythmic durations augmented following our project’s transcription conventions. Pitches, rhythms and mensural notation features checked and corrected against manuscript source.	Text follows Mo.	-		Dieus, comment porrai laissier	O regina glorie	NOBIS CONCEDAS [VENIAM PER SECULA] O BENIGNA	
O clemencie	Anonymous	Motet	Mo	355v, 356r, 356v	3	c3, c4, f3	Douce (text)	Rokseth	Mo 8,309	Montpellier/309.mei	Montpellier/309_MENSURAL.mei			Yes		https://www.diamm.ac.uk/compositions/3507/	https://www.diamm.ac.uk/sources/888/	http://bvmm.irht.cnrs.fr/consult/consult.php?reproductionId=8028	SM	3/5/2015	EH, SH, KD, DS	12/7/17	Scanned file corrected from Rokseth. Rhythmic durations augmented following our project’s transcription conventions. Pitches, rhythms and mensural notation features checked and corrected against manuscript source.	Text follows Mo.	Mot 49.1-2 notated as 2-note c.o.p. but should be a 2-note ligature without perfection (B-B), which is how Rokseth interprets it / 50.1 notated as a B in manuscript /Ten 5.1 Rokseth interprets as a plicated L but here interpreted as stem reaffirming L as the last note of the ligature/		Par une matinee, el moys joli d'avril	O clemencie	D'UN JOLI DART	
Amours me commande	Anonymous	Motet	Mo	357r, 357v	3	c2, c2, c4		Rokseth	Mo 8,310	Montpellier/310.mei	Montpellier/310_MENSURAL.mei			Yes		https://www.diamm.ac.uk/compositions/86561/	https://www.diamm.ac.uk/sources/888/	http://bvmm.irht.cnrs.fr/consult/consult.php?reproductionId=8028	SM	4/16/2015	EH, SH, KD, DS	11/25/17	Scanned file corrected from Rokseth. Rhythmic durations augmented following our project’s transcription conventions. Pitches, rhythms and mensural notation features checked and corrected against manuscript source.	Text follows Mo.	Mot 6 MS has 2B rest-G, but Rosketh corrected to G-2B rest which is followed here		In sompnis, mira Dei nuncia monuerunt	Amours me commande et prie	IN SOMPNIS	
Bien doi amer	Anonymous	Motet	Mo	357v, 358r, 358v, 359r, 359v	3	c2, c2, c3		Rokseth	Mo 8,311	Montpellier/311.mei	Montpellier/311_MENSURAL.mei			Yes		https://www.diamm.ac.uk/compositions/3509/	https://www.diamm.ac.uk/sources/888/	http://bvmm.irht.cnrs.fr/consult/consult.php?reproductionId=8028	SM	4/21/2015	EH, SH, KD, DS	11/27/17	Scanned file corrected from Rokseth. Rhythmic durations augmented following our project’s transcription conventions. Pitches, rhythms and mensural notation features checked and corrected against manuscript source.	Text follows Mo.	Tr 20.4-5 missing punctus divisionis (Rokseth reads the last 5 semibreves as a 3+2 group) / Mot 45.1 dot missing in MS / Ten 45 dots after rests missing in MS / 		Se je chante, ce fait Amour	Bien doi amer mon ami	ET SPERABIT	
Chele m'a tollu	Anonymous	Motet	Mo	359v, 360r, 360v, 361r	3	c2, c4, c4		Rokseth	Mo 8,312	Montpellier/312.mei	Montpellier/312_MENSURAL.mei			Yes		https://www.diamm.ac.uk/compositions/86562/	https://www.diamm.ac.uk/sources/888/	http://bvmm.irht.cnrs.fr/consult/consult.php?reproductionId=8028	SM	4/28/2015	EH, SH, KD, DS	12/19/17	Scanned file corrected from Rokseth. Rhythmic durations augmented following our project’s transcription conventions. Pitches, rhythms and mensural notation features checked and corrected against manuscript source.	Text follows Mo.	-		Au tans nouvel, que naissent flours	Chele m’a tollu	J'AI FAIT TOUT NOUVELETEMENT	
Vo vair	Anonymous	Motet	Mo	362r, 362v, 363r, 363v	3	c3, c4, f3		Rokseth	Mo 8,314	Montpellier/314.mei	Montpellier/314_MENSURAL.mei			Yes		https://www.diamm.ac.uk/compositions/86563/	https://www.diamm.ac.uk/sources/888/	http://bvmm.irht.cnrs.fr/consult/consult.php?reproductionId=8028	SM	3/31/2015	EH, SH, KD, DS	12/16/17	Scanned file corrected from Rokseth. Rhythmic durations augmented following our project’s transcription conventions. Pitches, rhythms and mensural notation features checked and corrected against manuscript source.	Text follows Mo.	Mot 49.1 dot of division missing (cf. perfs 20 and 31) /		Dieus, comment puet li cuers durer	Vo vair oel m'ont espris	TENOR	
Jolietement	Anonymous	Motet	Mo	364v, 365r, 365v	3	c2, c3, f3		Rokseth	Mo 8,316	Montpellier/316.mei	Montpellier/316_MENSURAL.mei			Yes		https://www.diamm.ac.uk/compositions/3514/	https://www.diamm.ac.uk/sources/888/	http://bvmm.irht.cnrs.fr/consult/consult.php?reproductionId=8028	SM	5/1/2015	EH, SH, KD, DS	12/15/17	Scanned file corrected from Rokseth. Rhythmic durations augmented following our project’s transcription conventions. Pitches, rhythms and mensural notation features checked and corrected against manuscript source.	Text follows Mo.	Tr 3.7 erroneous extra dot of division / 11.3 B in MS / Ten 23 breve rest missing in MS		Se je sui liés et chantans	Jolietement	OMNES	
Iure tuis laudibus	Anonymous	Motet	Mo	366r, 367v, 367r	3	c3, c4, f3		Rokseth	Mo 8,317	Montpellier/317.mei	Montpellier/317_MENSURAL.mei			Yes		https://www.diamm.ac.uk/compositions/3515/	https://www.diamm.ac.uk/sources/888/	http://bvmm.irht.cnrs.fr/consult/consult.php?reproductionId=8028	SM	5/6/2015	EH, SH, KD, DS	12/19/17	Scanned file corrected from Rokseth. Rhythmic durations augmented following our project’s transcription conventions. Pitches, rhythms and mensural notation features checked and corrected against manuscript source.	Text follows Mo.	Tr 1.7-2.1-6 Rokseth’s edition incorrectly has these pitches one third above because of the clef change here in the MS /		Aucun, qui ne sevent servir	Iure tuis laudibus	[VIRGO] MARIA	
A Paris	Anonymous	Motet	Mo	368v, 368r, 369r	3	c2, c3, c4		Rokseth	Mo 8,319	Montpellier/319.mei	Montpellier/319_MENSURAL.mei			Yes		https://www.diamm.ac.uk/compositions/3517/	https://www.diamm.ac.uk/sources/888/	http://bvmm.irht.cnrs.fr/consult/consult.php?reproductionId=8028	KD	2/16/2015	EH, SH, KD, DS	12/20/17	Scanned file corrected from Rokseth. Rhythmic durations augmented following our project’s transcription conventions. Pitches, rhythms and mensural notation features checked and corrected against manuscript source.	Text follows Mo.	Ten 6.3, 14.3, 22.3, 30.3 dot of division possibly missing in MS although possibly it is a very faint dot /		On parole de batre et de vanner	A Paris soir et matin	FRESE NOUVELE MURE FRANCE MURE MURE FRANCE	
L'autriet m'estuet	Anonymous	Motet	Mo	371r, 371v	3	c3, c4, c4	Douce (text)	Rokseth	Mo 8,321	Montpellier/321.mei	Montpellier/321_MENSURAL.mei			Yes		https://www.diamm.ac.uk/compositions/3519/	https://www.diamm.ac.uk/sources/888/	http://bvmm.irht.cnrs.fr/consult/consult.php?reproductionId=8028	SM	3/17/2015	EH, SH, KD, DS	2/24/17	Scanned file corrected from Rokseth. Rhythmic durations augmented following our project’s transcription conventions. Pitches, rhythms and mensural notation features checked and corrected against manuscript source.	Text follows Mo.	Mot 6-7 ‘amours’ omitted by text scribe, and added later in a smaller script above the text / Mot 32 text syllable 'sen' written twice, both before and after staff break  /		De mes amours sui souvent repentis	L’autrier m’estuet venue volenté	DEFORS COMPIEGNE	
Huius chori	Anonymous	Motet	Mo	372r, 372v, 373r	3	c2, c2, c4		Rokseth	Mo 8,322	Montpellier/322.mei	Montpellier/322_MENSURAL.mei			Yes		https://www.diamm.ac.uk/compositions/3520/	https://www.diamm.ac.uk/sources/888/	http://bvmm.irht.cnrs.fr/consult/consult.php?reproductionId=8028	SM	3/21/2015	EH, SH, KD, DS	10/21/17	Scanned file corrected from Rokseth. Rhythmic durations augmented following our project’s transcription conventions. Pitches, rhythms and mensural notation features checked and corrected against manuscript source.	Text follows Mo.	Mot 31 breve rest in MS /		Marie assumptio	Huius chori suscipe cantica	TENOR	
Li grant desirs	Anonymous	Motet	Mo	373r, 373v, 374r	3	c3, c3, f3		Rokseth	Mo 8,323	Montpellier/323.mei	Montpellier/323_MENSURAL.mei			Yes		https://www.diamm.ac.uk/compositions/3521/	https://www.diamm.ac.uk/sources/888/	http://bvmm.irht.cnrs.fr/consult/consult.php?reproductionId=8028	KD	2/20/2015	EH, SH, KD, DS	3/14/18	Scanned file corrected from Rokseth. Rhythmic durations augmented following our project’s transcription conventions. Pitches, rhythms and mensural notation features checked and corrected against manuscript source.	Text follows Mo.	Tr 7.2-4, 14.2-4, 33.2-4 Rokseth interprets this ligature as BSS / 19.1-4 the two c.o.p. ligatures appear to be connected / Ten 5.1, 30.1, 38.1 Rokseth gives a plica but here interpreted as the manner in which this scribe notates this ligature / 27.1 ‘bis’ written under tenor indicates from here to end is to be stated ‘twice’ / 40.1 in the second statement of this last tenor phrase the notated version ends with an E breve and a 2B rest, but instead the motet must end here on a PL D /		Li savours de mon desir	Li grant desirs, qui j'ai de recouvrer	NON VEUL MARI	
Ad amorem sequitur	Anonymous	Motet	Mo	378v, 379r	3	c3, c3, f3		Rokseth	Mo 8,328	Montpellier/328.mei	Montpellier/328_MENSURAL.mei			Yes		https://www.diamm.ac.uk/compositions/3526/	https://www.diamm.ac.uk/sources/888/	http://bvmm.irht.cnrs.fr/consult/consult.php?reproductionId=8028	SM	4/18/2015	EH, SH, KD, DS	12/16/17	Scanned file corrected from Rokseth. Rhythmic durations augmented following our project’s transcription conventions. Pitches, rhythms and mensural notation features checked and corrected against manuscript source.	Text follows Mo.	Mot 23.3 dot not present in MS / Ten 33 ‘iterum’ annotation under tenor part here and two short strokes on staff second line indicates repetition of tenor statement / 43-46 last 4 notes of second statement of tenor pitches to be replaced by these 4L notated at end of tenor part / 		Amor potest conqueri	Ad amorem sequitur	TENOR	
Descendi in[hortum]	Anonymous	Motet	Mo	379v, 380r, 380v, 381r	3	c2, c3, c3	Mo 7, Ba, Da, ArsA, LoD	Rokseth	Mo 8,330	Montpellier/330.mei	Montpellier/330_MENSURAL.mei			Yes			https://www.diamm.ac.uk/sources/888/	http://bvmm.irht.cnrs.fr/consult/consult.php?reproductionId=8028	SM	3/5/2015	EH, SH, KD, DS	12/18/17	Scanned file corrected from Rokseth. Rhythmic durations augmented following our project’s transcription conventions. Pitches, rhythms and mensural notation features checked and corrected against manuscript source.	Text follows Mo.	Ten 33.1 long a is supplied here (missing note or rest across the page turn) /		Virginale decus et presidium	Descendi in [h]ortum meum	ALMA [REDEMPTORIS MATER]	
Se j'ai folement	Anonymous	Motet	Mo	382r, 382v, 383r, 383v	3	c3, c3, f3		Rokseth	Mo 8,332	Montpellier/332.mei	Montpellier/332_MENSURAL.mei			Yes		https://www.diamm.ac.uk/sources/888/#/inventory	https://www.diamm.ac.uk/sources/888/	http://bvmm.irht.cnrs.fr/consult/consult.php?reproductionId=8028	KD	2/4/2015	EH, SH, KD, DS	3/19/18	Scanned file corrected from Rokseth. Rhythmic durations augmented following our project’s transcription conventions. Pitches, rhythms and mensural notation features checked and corrected against manuscript source.	Text follows Mo.	Tr 23.2-4 Ms has d-c-d, Rokseth has c-d (S-B) / 24.2, dot missing after first rest in MS / 30.10 dot missing in MS / 34.1 dot missing in MS / Mot 4, Rokseth has ligature bracket over all six S / 5, B rest added after L in Rokseth /		Je cuidoie bien metre	Se j’ai folement amé	SOLEM	
Pour la plus jolie	Anonymous	Motet	Mo	385v, 386r, 386v	3	c2, c2, c4		Rokseth	Mo 8,334	Montpellier/334.mei	Montpellier/334_MENSURAL.mei			Yes		https://www.diamm.ac.uk/compositions/3532/	https://www.diamm.ac.uk/sources/888/	http://bvmm.irht.cnrs.fr/consult/consult.php?reproductionId=8028	SM	3/7/2015	EH, SH, KD, DS	12/23/17	Scanned file corrected from Rokseth. Rhythmic durations augmented following our project’s transcription conventions. Pitches, rhythms and mensural notation features checked and corrected against manuscript source.	Text follows Mo.	Tr 41.3-6 notes in ligature interpreted as SSSS but written SSBB /		A maistre Jehan lardier	Pour la plus jolie	ALLELUYA	
Pluseur dient	Anonymous	Motet	Mo	386v, 387r, 387v, 388r	3	c1, c2, c4		Rokseth	Mo 8,335	Montpellier/335.mei	Montpellier/335_MENSURAL.mei			Yes		https://www.diamm.ac.uk/compositions/3533/	https://www.diamm.ac.uk/sources/888/	http://bvmm.irht.cnrs.fr/consult/consult.php?reproductionId=8028	SM	3/13/2015	EH, SH, KD, DS	12/26/17	Scanned file corrected from Rokseth. Rhythmic durations augmented following our project’s transcription conventions. Pitches, rhythms and mensural notation features checked and corrected against manuscript source.	Text follows Mo.	-		Cis a petit de bien en li	Pluseur dient, que j'aim entrer	PORTARE	
Solem iusticie	Anonymous	Motet	Mo	390r, 390v, 391r	3	c3, c4, f3	Arras frag	Rokseth	Mo 8,338	Montpellier/338.mei	Montpellier/338_MENSURAL.mei			Yes		https://www.diamm.ac.uk/compositions/3487/	https://www.diamm.ac.uk/sources/888/	http://bvmm.irht.cnrs.fr/consult/consult.php?reproductionId=8028	EH	3/24/2016	EH, SH, KD, DS	3/13/18	Scanned file corrected from Rokseth. Rhythmic durations augmented following our project’s transcription conventions. Pitches, rhythms and mensural notation features checked and corrected against manuscript source.	Text follows Mo.	Rokseth does not have a separate edition of No. 338, since the same piece is also in fascicle 7 (No. 289). Tr 49.7 semibreve in MS / 		Amours, qui si me maistrie	Solem iusticie, letiticie	SOLEM	
Balam inquit	Anonymous	Motet	Mo	392v, 393r, 393v	3	c2, c2, c4	Onc	Rokseth	Mo 8,340	Montpellier/340.mei	Montpellier/340_MENSURAL.mei			Yes		https://www.diamm.ac.uk/compositions/3538/	https://www.diamm.ac.uk/sources/888/	http://bvmm.irht.cnrs.fr/consult/consult.php?reproductionId=8028	SM	4/3/2015	EH, SH, KD, DS	12/1/17	Scanned file corrected from Rokseth. Rhythmic durations augmented following our project’s transcription conventions. Pitches, rhythms and mensural notation features checked and corrected against manuscript source.	Text follows Mo.	2B rests in manuscript that occur across the perfection are notated had to be notated as two single breve rests in the transcription in Tr 32-33, 51-52 and Mot, 37-38, 41-42, 46-47 / Mo, Ten 15, 30: rest in MS is a one breve rest /  		Balam inquit vaticinans	Balam inquit vaticinans	BALLAAM	
Huic ut placuit	Anonymous	Motet	Mo	393v, 394r, 394v	3	c2, c3, c4	Onc	Rokseth	Mo 8,341	Montpellier/341.mei	Montpellier/341_MENSURAL.mei			Yes		https://www.diamm.ac.uk/compositions/3539/	https://www.diamm.ac.uk/sources/888/	http://bvmm.irht.cnrs.fr/consult/consult.php?reproductionId=8028	SM	4/12/2015	EH, SH, KD, DS	11/27/17	Scanned file corrected from Rokseth. Rhythmic durations augmented following our project’s transcription conventions. Pitches, rhythms and mensural notation features checked and corrected against manuscript source.	Text follows Mo.	Ten 4, 17, 30: breve rest not in MS (in brackets in Rokseth) / 		Huic ut placuit, tres magi mistica	Huic ut placuit, tres magi mistica	[HUIC MAGI]	
Tant me plaist	Anonymous	Motet	Mo	394v, 395r	3	c3, c2, c4		Rokseth	Mo 8,342	Montpellier/342.mei	Montpellier/342_MENSURAL.mei			Yes		https://www.diamm.ac.uk/compositions/3540/	https://www.diamm.ac.uk/sources/888/	http://bvmm.irht.cnrs.fr/consult/consult.php?reproductionId=8028	SM	3/24/2015	EH, SH, KD, DS	10/14/17	Scanned file corrected from Rokseth. Rhythmic durations augmented following our project’s transcription conventions. Pitches, rhythms and mensural notation features checked and corrected against manuscript source.	Text follows Mo.	Tr 23.1-2 possible plica long / Mot 41 possible dot of division		Qui d’amours n'a riens gousté	Tant me plaist Amour servir	VIRGA YESSE	
Ve qui gregi	Anonymous	Motet	Fauv	6v	4	c2, c2, c2, c5	Br	PMFC1	p.mus.21	Fauv/ve_qui.mei	Fauv/ve_qui_gregi_MENSURAL.mei			Yes	http://gallica.bnf.fr/iiif/ark:/12148/btv1b8454675g/manifest.json		https://www.diamm.ac.uk/sources/88/		SM	5/29/2015	EH, SH, KD	4/24/16	Scanned file corrected from PMFC. Rhythmic durations augmented following our project’s transcription conventions. Pitches, rhythms and mensural notation features checked and corrected against manuscript source.		Initial proofreading complete. Final proofreading needed. Quad 17, pensat in MS, Schrade Pensant / Tr 9 decent in MS, but docent in Br and Schrade / 11 prano in Schrade, primo in Fauv and Br / Mot 18 daculo in MS, dapulo in Schrade / 73.2 is notated as a breve (sort of like a B-SS ligature that fits in the time of 1 breve) / 46 last ms has e, schrade puts f (#) /	Quasi non ministerium	Trahunt in praecipia qui nos	Ve qui gregi deficiunt	DISPLICEBAT EI	
Vos pastores	Anonymous	Motet	Fauv	7r	3	c4, c2, c5		PMFC1	p.mus.22	Fauv/vos_pastores.mei	Fauv/vos_pastores_MENSURAL.mei			Yes	http://gallica.bnf.fr/iiif/ark:/12148/btv1b8454675g/manifest.json		https://www.diamm.ac.uk/sources/88/		SM	5/31/2015	EH, SH, KD, SMK	1/8/18	Scanned file corrected from PMFC. Rhythmic durations augmented following our project’s transcription conventions. Pitches, rhythms and mensural notation features checked and corrected against manuscript source.		Tr 8 dot added incorrectly after first two semibreves / Mot 17 dot supplied, not in MS / 25-6 – the notes d edc (L 26) b are supplied – there is a lacuna in the source / 32 dot supplied, not in MS / 41 – the notes e c are supplied – there is a lacuna in the source / 43 Lambertan conjunctura [Interesting that this lacuna happens at almost the same spot in the tenor repetition (L26 is equivalent to L41 in the tenor)]		Orbis orbatus oculis	Vos pastores adulteri	FUR NON VENIT NISI UT FURETUR ET MACTET ET PERDAT	
Fauvel nous	Anonymous	Motet	Fauv	9v	3	c2, c2, c3		PMFC1	p.mus.29	Fauv/fauvel.mei	Fauv/fauvel_nous_MENSURAL.mei			Yes	http://gallica.bnf.fr/iiif/ark:/12148/btv1b8454675g/manifest.json		https://www.diamm.ac.uk/sources/88/		SM	5/31/2015	EH, SH, KD, SMK	10/22/17	Scanned file corrected from PMFC. Rhythmic durations augmented following our project’s transcription conventions. Pitches, rhythms and mensural notation features checked and corrected against manuscript source.		Tr 4.1 Note drawn as a long and then the stem erased /		Je voi douleur avenir, car tout	Fauvel nous a fait present	FAUVEL AUTANT MEST SI POISE ARRIERE COMME AVANT	
Rex beatus	Anonymous	Motet	Fauv	10v	3	c3, c3, c5	Br, Lbl 41667, Trem (index)	PMFC1	p.mus.32	Fauv/rex_beatus.mei	Fauv/rex_beatus_MENSURAL.mei			Yes	http://gallica.bnf.fr/iiif/ark:/12148/btv1b8454675g/manifest.json		https://www.diamm.ac.uk/sources/88/		SM	6/1/2015	EH, SH, KD, SMK	1/8/18	Scanned file corrected from PMFC. Rhythmic durations augmented following our project’s transcription conventions. Pitches, rhythms and mensural notation features checked and corrected against manuscript source.		Tr 12 last four notes not in MS / Mot 12 tiny ‘re’ added above text, looks like scribe misunderstood ‘iusto’ ‘regimine’ and wrote ‘iustore’ and then ‘gimine’ and then went back an inserted the syllable ‘re’ before ‘gimine’ so that that word would make sense / 18, 39, 60 all three-note ligatures where the initial stem has been erased to make it a lig without propriety / 		Se coeurs joians, jonnes, jolis	Rex beatus, confessor Domini	AVE	
O Philippe	Anonymous	Motet	Fauv	10v, 11r	3	c2, c2, c4	Pn 571	PMFC1	p.mus.33	Fauv/o_philippe.mei	Fauv/O_Philippe_MENSURAL.mei			Yes	http://gallica.bnf.fr/iiif/ark:/12148/btv1b8454675g/manifest.json		https://www.diamm.ac.uk/sources/88/		SM	6/3/2015	EH, SH, KD	4/12/16	Scanned file corrected from PMFC. Rhythmic durations augmented following our project’s transcription conventions. Pitches, rhythms and mensural notation features checked and corrected against manuscript source. Lacuna of some ligatures towards end of Triplum voice in manuscript (supplied notes indicated with blue noteheads).		Initial proofreading complete. Final proofreading needed.Tr 51 no music only text until end / Mot 24 motetus clef change in middle of stave here /		Servant regem misericaordia	O Philippe, prelustris Francorum	REX REGUM ET DOMINUS DOMINANCIUM	
Alieni boni	Anonymous	Motet	Fauv	13r	3	c2, c3, c5		PMFC1	p.mus.37	Fauv/alieni.mei	Fauv/alieni_MENSURAL.mei			Yes	http://gallica.bnf.fr/iiif/ark:/12148/btv1b8454675g/manifest.json		https://www.diamm.ac.uk/sources/88/		SM	6/6/2015	EH, SH, KD, SMK	10/22/17	Scanned file corrected from PMFC. Rhythmic durations augmented following our project’s transcription conventions. Pitches, rhythms and mensural notation features checked and corrected against manuscript source.		Mot 16 clef of motetus is written in wrong place /		Facilius a nobis vitatur	Alieni boni invidia	IMPERFECTE CANITE	
J'ai fait	Anonymous	Motet	Fauv	15v, 16r	3	c5, c2, c3		PMFC1	p.mus.41	Fauv/jai_fait.mei	Fauv/jai_fait_noveletement_MENSURAL.mei			Yes	http://gallica.bnf.fr/iiif/ark:/12148/btv1b8454675g/manifest.json		https://www.diamm.ac.uk/sources/88/		SM	6/7/2015	EH, SH, KD	4/12/16	Scanned file corrected from PMFC. Rhythmic durations augmented following our project’s transcription conventions. Pitches, rhythms and mensural notation features checked and corrected against manuscript source.		Initial proofreading complete. Final proofreading needed. Tr 40 lacuna – two semibreves on C supplied /		La mesnie fauveline	J'ai fait nouvelement	GRANT DESPIT AI JE	
Sicut de ligno	Anonymous	Motet	Fauv	22r	3	c3, c4, c5		PMFC1	p.mus.51	Fauv/sicut.mei	Fauv/sicut_MENSURAL.mei			Yes	http://gallica.bnf.fr/iiif/ark:/12148/btv1b8454675g/manifest.json		https://www.diamm.ac.uk/sources/88/		SM	6/10/2015	EH, SH, KD	4/12/16	Scanned file corrected from PMFC. Rhythmic durations augmented following our project’s transcription conventions. Pitches, rhythms and mensural notation features checked and corrected against manuscript source.		Initial proofreading complete. Final proofreading needed. Tr 52 long note on e is missing in MS / Mot 59 c written as breve / 		Inflammatis invidia	Sicut de ligno parvulus generatur	[VICTIMAE PASCHALI LAUDES]	
Heu	Anonymous	Motet	Fauv	30r	3	c1, c2, c4		PMFC1	p.mus.71	Fauv/heu.mei	Fauv/heu_MENSURAL.mei			Yes	http://gallica.bnf.fr/iiif/ark:/12148/btv1b8454675g/manifest.json		https://www.diamm.ac.uk/sources/88/		SM	6/11/2015	EH, SH, KD, SMK	10/23/17	Scanned file corrected from PMFC. Rhythmic durations augmented following our project’s transcription conventions. Pitches, rhythms and mensural notation features checked and corrected against manuscript source.		Ten 45.1 pitch missing in MS /		Aman novi probatur exitu	Heu! Fortuna subdola	HEU! TRISTIS EST ANIMA MEA!	
Quoniam	Philippe de Vitry (attrib.)	Motet	Fauv	41v, 42r	3	c2, c4, c3	Br, Munich 5362, Munich 29775-10, Robertsbridge, Rostock, Sm 222	PMFC1	p.mus.120	Fauv/quoniam.mei	Fauv/quoniam_MENSURAL.mei			Yes	http://gallica.bnf.fr/iiif/ark:/12148/btv1b8454675g/manifest.json		https://www.diamm.ac.uk/sources/88/		KD	5/1/2015	EH, SH, KD	4/29/2016	Scanned file corrected from PMFC. Rhythmic durations augmented following our project’s transcription conventions. Pitches, rhythms and mensural notation features checked and corrected against manuscript source.		Initial proofreading complete. Final proofreading needed.		Tribum, que[m] non abhorruit	Quoniam secta latronum spelunca	MERITO [HEC PATIMUR]	
Adesto	Philippe de Vitry (attrib.)	Motet	Fauv	43r, 43v	3	c2, c3, c4	Br, Koblenz, Robertsbridge	PMFC1	p.mus.124	Fauv/adesto.mei	Fauv/adesto_MENSURAL.mei			Yes	http://gallica.bnf.fr/iiif/ark:/12148/btv1b8454675g/manifest.json		https://www.diamm.ac.uk/sources/88/		KD	5/1/2015	EH, SH, KD	3/25/2016	Scanned file corrected from PMFC. Rhythmic durations augmented following our project’s transcription conventions. Pitches, rhythms and mensural notation features checked and corrected against manuscript source.		Initial proofreading complete. Final proofreading needed. Tr 63 There is small lacuna here over the triplum turn of the page. Notes inserted follow Br / 		Firmissime fidem teneamus	Adesto, sancta Trinitas	ALLELUYA BENEDICTUS ET CETERA	
In nova fert	Philippe de Vitry (attrib.)	Motet	Fauv	44v	3	c2, c2, c4	Pic	PMFC1	p.mus.129	Fauv/in_nova.mei				Yes	http://gallica.bnf.fr/iiif/ark:/12148/btv1b8454675g/manifest.json		https://www.diamm.ac.uk/sources/88/		KD	5/2/2015	EH, SH, KD	6/3/2015	Scanned file corrected from PMFC. Rhythmic durations augmented following our project’s transcription conventions. Pitches, rhythms and mensural notation features checked and corrected against manuscript source.		Initial proofreading complete. Final proofreading needed.		Garrit Gallus flendo dolorose	In nova fert animus mutatas dicere formas	[NEUMA]	
Praesidentes	Anonymous	Motet	Fauv	1v	3	c2, c2, c4	Br, Cambrai B165, Ob 271, Troyes 1949	PMFC1	p.mus.4	Fauv/presidentes.mei	Fauv/presidentes_MENSURAL.mei			Yes	http://gallica.bnf.fr/iiif/ark:/12148/btv1b8454675g/manifest.json		https://www.diamm.ac.uk/sources/88/		KD	5/1/2015	EH, SH, KD	6/1/2015	Scanned file corrected from PMFC. Rhythmic durations augmented following our project’s transcription conventions. Pitches, rhythms and mensural notation features checked and corrected against manuscript source.		Initial proofreading complete. Final proofreading needed.		Super cathedram Moisi latitat	Praesidentes in tronis saeculi	RUINA	
Iure quod	Anonymous	Motet	Fauv	2r	3	c2, c2, c5		PMFC1	p.mus.5	Fauv/iure.mei	Fauv/iure_MENSURAL.mei			Yes	http://gallica.bnf.fr/iiif/ark:/12148/btv1b8454675g/manifest.json		https://www.diamm.ac.uk/sources/88/		SM	5/9/2015	EH, SH, KD	3/22/16	Scanned file corrected from PMFC. Rhythmic durations augmented following our project’s transcription conventions. Pitches, rhythms and mensural notation features checked and corrected against manuscript source.		Initial proofreading complete. Final proofreading needed.		Scariotis geniture vipereo	Iure quod in opere davitico	SUPERNE MATRIS GAUDIA	
Plange	Anonymous	Motet	Fauv	3r	3	c3, c5, f4		PMFC1	p.mus.9	Fauv/plange.mei	Fauv/plange_MENSURAL.mei			Yes	http://gallica.bnf.fr/iiif/ark:/12148/btv1b8454675g/manifest.json		https://www.diamm.ac.uk/sources/88/		SM	5/23/2015	EH, SH, KD	5/28/2015	Scanned file corrected from PMFC. Rhythmic durations augmented following our project’s transcription conventions. Pitches, rhythms and mensural notation features checked and corrected against manuscript source.		Initial proofreading complete. Final proofreading needed.		Nulla pestis est gravior	Plange, nostra regio	VERGENTE EX IMPERFECTIS	
Qui secuntur	Anonymous	Motet	Fauv	4r	3	c2, c3, c4	Pn 571	PMFC1	p.mus.12	Fauv/qui_secuntur.mei	Fauv/qui_secuntur_MENSURAL.mei			Yes	http://gallica.bnf.fr/iiif/ark:/12148/btv1b8454675g/manifest.json		https://www.diamm.ac.uk/sources/88/		SM	5/24/2015	EH, SH, KD	6/1/2015	Scanned file corrected from PMFC. Rhythmic durations augmented following our project’s transcription conventions. Pitches, rhythms and mensural notation features checked and corrected against manuscript source.		Initial proofreading complete. Final proofreading needed.		Detractor est nequissima vulpis	Qui secuntur castra sunt	VERBUM INIQUUM ET DOLOSUM ABHOMINABITUR DOMINUS	
Florens	Anonymous	Motet	Br	v	3	c2, c3, f2c4		PMFC5		Fauv/florens.mei	Fauv/florens_MENSURAL.mei			No			https://www.diamm.ac.uk/sources/4/		EH	4/29/2016	EH, SH, KD	3/22/2016	Scanned file corrected from PMFC. Rhythmic durations augmented following our project’s transcription conventions. Pitches, rhythms and mensural notation features checked and corrected against manuscript source.	Text follows PMFC edition. Variants in source noted below.	Initial proofreading complete. Final proofreading needed.		Floret cum vana gloria	Florens vigor ulciscendo	[TENOR]	
Gaude	Anonymous	Motet	Br	r	3	c2, c2, f2c4	Koblenz			Fauv/gaude.mei	Fauv/gaude_MENSURAL.mei			No			https://www.diamm.ac.uk/sources/4/		KD	4/29/2016	EH, SH, KD	3/22/2016	Original transcription from Cuthbert. Rhythmic durations augmented following our project’s transcription conventions. Pitches, rhythms and mensural notation features checked and corrected against manuscript source.	Text follows Br.	Initial proofreading complete. Final proofreading needed.		Mater formosa tu nobilis	Gaude virgo mater	[TENOR]	
Bona	Philippe de Vitry	Motet	Trem	2v	3	c1, c3, c4	Apt, Arras, Cambrai, Sm 222, Tarragona 1, Tarragona 2, Wroclaw, Trem (index)	PMFC1		IvTrem/bona.mei	IvTrem/bona_MENSURAL.mei			Yes	http://gallica.bnf.fr/iiif/ark:/12148/btv1b8451108d/manifest.json		https://www.diamm.ac.uk/sources/98/		KD	4/25/2016	EH, SH, KD	10/9/2016	Original MusicXML file from Cuthbert (which was transcribed from PMFC). Rhythmic durations augmented following our project’s transcription conventions. Pitches, rhythms and mensural notation features checked and corrected against manuscript source.	Text corrected against David Howlett edition in Wathey, EMH 1993, 137-8, differences in Trem noted below.	Initial proofreading complete. Final proofreading needed.		Colla iugo subdere	Bona condit	LIBERA ME, DOMINE	
Cum venerint	Anonymous	Motet	Iv	21v	3	c2, c4, c3	Tournai, Wroclaw, Trem (index)	PMFC1		IvTrem/cum_venerint.mei	IvTrem/cum_venerint_MENSURAL.mei			No			https://www.diamm.ac.uk/sources/141/		EH	3/16/2016	EH, SH, KD, DS	5/1/2018	Scanned file corrected from PMFC. Rhythmic durations augmented following our project’s transcription conventions. Pitches, rhythms and mensural notation features checked and corrected against manuscript source.	Text follows PMFC edition. Variants in source noted below.	Initial proofreading complete. Final proofreading needed.		Se grace	Cum venerint	ITE MISSA EST	
Decens	Philippe de Vitry (attrib.)	Motet	Iv	55v	4	c2, c2, c4, f3	Pn 2444, Trem (index)	PMFC5		IvTrem/decens.mei	IvTrem/decens_MENSURAL.mei			No			https://www.diamm.ac.uk/sources/141/		SH	7/21/2016	EH, SH, KD, DS	4/30/2018	Scanned file corrected from PMFC. Rhythmic durations augmented following our project’s transcription conventions. Pitches, rhythms and mensural notation features checked and corrected against manuscript source.	Text follows PMFC edition. Variants in source noted below.	Initial proofreading complete. Final proofreading needed.		In virtute nominum	Decens carmen edere	CLAMOR DEUS	[CONTRATENOR]
Flos	Anonymous	Motet	Durham	338v, 339r	3		Cambrai, Chantilly, Durham, Modena, San Lorenzo, Trem (index)	PMFC5		IvTrem/flos.mei	IvTrem/flos_MENSURAL.mei			Yes			https://www.diamm.ac.uk/sources/363/		KD	7/22/2016	EH, SH, KD	4/11/2017	Edition made for Appendix to Desmond, Ars nova in Music and Medieval Thought (CUP, forthcoming).	Readings from Günther’s edition (which do accord with the text of Durham), with some modifications to the punctuation and some alternate readings taken from the other available editions.	Initial proofreading complete. Final proofreading needed.		Apta caro plumis, ingenii	Flos virginum, decus et species	ALMA REDEMPTORIS MATER	
Hugo	Philippe de Vitry (attrib.)	Motet	Iv	14v, 15r	3	c1, c3, c3	Cambrai, Trem (index)	PMFC1		IvTrem/hugo.mei	IvTrem/hugo_MENSURAL.mei			No			https://www.diamm.ac.uk/sources/141/		KD	8/2/2016	EH, SH, KD, DS	5/3/2018	Original MusicXML file from Cuthbert (which was transcribed from PMFC). Rhythmic durations augmented following our project’s transcription conventions. Pitches, rhythms and mensural notation features checked and corrected against manuscript source.	Text follows PMFC edition. Variants in source noted below.	Initial proofreading complete. Final proofreading needed.		Cum statua Nabucodonasor	Hugo, Hugo, princeps invidie	TENOR CUM STATUA	
Qui doloreus	Anonymous	Motet	Iv	22v, 23r	3	c2, c2, c4	Durham, Trem (index)	PMFC5		IvTrem/qui_doloreus.mei	IvTrem/qui_doloreus_MENSURAL.mei			No			https://www.diamm.ac.uk/sources/141/		SH	3/24/2016	EH, SH, KD, DS	5/3/2018	Scanned file corrected from PMFC. Rhythmic durations augmented following our project’s transcription conventions. Pitches, rhythms and mensural notation features checked and corrected against manuscript source.	Text follows PMFC edition. Variants in source noted below.	Initial proofreading complete. Final proofreading needed.		Mon chant en plaint	Qui doloreus onques n'a cogneü	TRISTIS EST ANIMA MEA	
De touz	Anonymous	Motet	Fribourg	r	3		Iv, Trem (index)	PMFC5		IvTrem/de_touz.mei	IvTrem/de_touz_MENSURAL.mei			No			https://www.diamm.ac.uk/sources/15/		SH	7/6/2016	EH, SH, KD		Scanned file corrected from Zwick. Rhythmic durations augmented following our project’s transcription conventions. Pitches, rhythms and mensural notation features checked and corrected against manuscript source.	Text follows Zwick edition. Variants in manuscript noted below.	Initial proofreading complete. Final proofreading needed.		Li enseignment de chaton	De touz les biens	[TENOR]	
Se paour	Anonymous	Motet	Iv	25v, 26r	3		Cambrai, Cambrai C 647, Ob 7, Trem (index)	PMFC5		IvTrem/diex.mei	IvTrem/diex_MENSURAL.mei			No			https://www.diamm.ac.uk/sources/141/		EH	7/21/2016	EH, SH, KD		Scanned file corrected from PMFC. Rhythmic durations augmented following our project’s transcription conventions. Pitches, rhythms and mensural notation features checked and corrected against manuscript source.	Text follows PMFC edition. Variants in source noted below.	Initial proofreading complete. Final proofreading needed.		Se päour d'umble astinence	Diex, tan desir	[TENOR]	
Durement	Anonymous	Motet	Iv	56v, 57r	3	c1, c3, c3	Durham, Pic, Trem (index)	PMFC5		IvTrem/durement.mei	IvTrem/durement_MENSURAL.mei			No			https://www.diamm.ac.uk/sources/141/		KD	7/21/2016	EH, SH, KD, DS	4/25/2018	Scanned file corrected from PMFC. Rhythmic durations augmented following our project’s transcription conventions. Pitches, rhythms and mensural notation features checked and corrected against manuscript source.	Text follows PMFC edition. Variants in source noted below.	Initial proofreading complete. Final proofreading needed.		Amer amours est la choison	Durement au cuer blece	DOLOR MEUS	
Post misse	Anonymous	Motet	Iv	7v, 8r	4	c1, c2, c3, c3	Aachen, Trem (index)	PMFC5		IvTrem/post_Misse.mei	IvTrem/post_Misse_MENSURAL.mei			No			https://www.diamm.ac.uk/sources/141/		SH	6/24/2016	EH, SH, KD, DS	4/28/2018	Scanned file corrected from PMFC. Rhythmic durations augmented following our project’s transcription conventions. Pitches, rhythms and mensural notation features checked and corrected against manuscript source.	Text follows PMFC edition. Variants in source noted below.	Initial proofreading complete. Final proofreading needed.		Post missarum sollempnia	Post misse modulamina	[TENOR]	[CONTRATENOR]
Rex	Philippe de Vitry	Motet	Fribourg	v	4		Durham, Iv, Pn 2444, Trem (index)	PMFC1		IvTrem/rex_quem.mei	IvTrem/rex_quem_MENSURAL.mei			No			https://www.diamm.ac.uk/sources/15/		KD	7/25/2016	EH, SH, KD		Original MusicXML file from Cuthbert (which was transcribed from PMFC). Rhythmic durations augmented following our project’s transcription conventions. Pitches, rhythms and mensural notation features checked and corrected against manuscript source.	Text follows PMFC edition. Variants in source noted below.	Initial proofreading complete. Final proofreading needed.		O canenda vulgo per computa	Rex quem metrorum	REX REGUM	[CONTRATENOR]
Celsa	Anonymous	Motet	Iv	9v, 10r	3		Cambrai, Pn 2444, Pn 22069, San Lorenzo, Würzburg 10a, Trem (index)	PMFC5		IvTrem/celsa.mei	IvTrem/celsa_MENSURAL.mei			No			https://www.diamm.ac.uk/sources/141/		EH	7/21/2016	EH, SH, KD		Scanned file corrected from PMFC. Rhythmic durations augmented following our project’s transcription conventions. Pitches, rhythms and mensural notation features checked and corrected against manuscript source.	Text follows PMFC edition. Variants in source noted below.	Initial proofreading complete. Final proofreading needed.		Flos ortus inter lilia	Celsa cedrus ysopus effecta	QUAM MAGNUS PONTIFEX	
En l'estat	Anonymous	Motet	Iv	59v, 60r	3		Durham, Trem (index)	PMFC5		IvTrem/en_lestat.mei	IvTrem/en_lestat_MENSURAL.mei			No			https://www.diamm.ac.uk/sources/141/		SH	7/7/2016	EH, SH, KD		Scanned file corrected from PMFC. Rhythmic durations augmented following our project’s transcription conventions. Pitches, rhythms and mensural notation features checked and corrected against manuscript source.	Text follows PMFC edition. Variants in source noted below.	Initial proofreading complete. Final proofreading needed.		L'amoureuse flour d'esté	En l'estat d'amere tristour	[TENOR]	
Et se je serai	Anonymous	Motet	Iv	61v, 62r	3		Lbl 41667, Trem (index)	PMFC5						No			https://www.diamm.ac.uk/sources/141/										Je comence ma chancon	Et se je serai	[TENOR]	
Garison	Philippe de Vitry	Motet	Iv	23v, 24r	3		Trem (index)	PMFC1		IvTrem/garison.mei				No			https://www.diamm.ac.uk/sources/141/		KD	7/7/2016	EH, SH, KD		Scanned file corrected from PMFC. Rhythmic durations augmented following our project’s transcription conventions. Pitches, rhythms and mensural notation features checked and corrected against manuscript source.	Text follows PMFC edition. Variants in source noted below.	Initial proofreading complete. Final proofreading needed.		Douce playsence est d'amer loyalment	Garison selon nature	NEUMA QUINTI TONI	
Gratissima	Phliippe de Vitry	Motet	Durham	336v, 337r	4		Aachen, Bar 5170, Cambrai, Durham, Escorial, Trem (index)	PMFC1		IvTrem/gratissima.mei	IvTrem/gratissima_MENSURAL.mei			Yes			https://www.diamm.ac.uk/sources/363/		KD	7/7/2016	EH, SH, KD		Original MusicXML file from Cuthbert (which was transcribed from PMFC). Rhythmic durations augmented following our project’s transcription conventions. Pitches, rhythms and mensural notation features checked and corrected against manuscript source.	Text follows PMFC edition. Variants in source noted below.	Initial proofreading complete. Final proofreading needed.		Vos quid admiramini	Gratissima virginis species	GAUDE GLORIOSA	[CONTRATENOR]
In arboris	Philippe de Vitry (attrib.)	Motet	Iv	15v, 16r	3	c1, c1, c3	Trem (index)	PMFC1		IvTrem/in_arboris.mei				No			https://www.diamm.ac.uk/sources/141/		KD	4/25/2016	EH, SH, KD	4/12/2017	Original MusicXML file from Cuthbert (which was transcribed from PMFC). Rhythmic durations augmented following our project’s transcription conventions. Pitches, rhythms and mensural notation features checked and corrected against Iv	Text follows PMFC edition. Variants in source noted below.	Initial proofreading complete. Final proofreading needed.		Tuba sacre fidei	In arboris empiro	VIRGO SUM. TENOR.	
Ma dolour	Anonymous	Motet	Cambrai	7r	3	c1, c2, c4	Cambrai, Pic, Trem (index)	PMFC5		IvTrem/ma_dolour.mei	IvTrem/ma_dolour_MENSURAL.mei			Yes			https://www.diamm.ac.uk/sources/271/		KD	12/3/2016	EH, SH, KD	4/11/2017	Scanned file corrected from PMFC. Rhythmic durations augmented following our project’s transcription conventions. Pitches, rhythms and mensural notation features checked and corrected against manuscript source.	Text follows PMFC edition. Variants in source noted below.	Initial proofreading complete. Final proofreading needed.		Fortune, mere à dolour	Ma dolour ne cesse pas	DOLOUR MEUS	
Nazarea	Anonymous	Motet	Iv	13v, 14r	3		BarcA	PMFC5		IvTrem/nazarea.mei				No			https://www.diamm.ac.uk/sources/141/		SH	3/24/2016	EH, SH, KD		Scanned file corrected from PMFC. Rhythmic durations augmented following our project’s transcription conventions. Pitches, rhythms and mensural notation features checked and corrected against manuscript source.	Text follows PMFC edition. Variants in source noted below.	Initial proofreading complete. Final proofreading needed.		Zolomina zelus virtutibus	Nazarea que decora bonitate	AVE MARIA	
Portio	Anonymous	Motet	Iv	6v, 7r	4		Sm 222, Trem (index)	PMFC5		IvTrem/portio.mei	IvTrem/portio_MENSURAL.mei			No			https://www.diamm.ac.uk/sources/141/		EH	7/21/2016	EH, SH, KD		Scanned file corrected from PMFC. Rhythmic durations augmented following our project’s transcription conventions. Pitches, rhythms and mensural notation features checked and corrected against manuscript source.	Text follows PMFC edition. Variants in source noted below.	Initial proofreading complete. Final proofreading needed.		Ida ca illorum	Portio nature precellentis geniture	[TENOR]	[CONTRATENOR]
Rosa	Anonymous	Motet	Iv	11v, 12r	3	c1, c3, c4	Cortona 1, Trem (index)	PMFC5		IvTrem/rosa.mei	IvTrem/rosa_MENSURAL.mei			No			https://www.diamm.ac.uk/sources/141/		EH	7/21/2016	EH, SH, KD	4/17/17	Scanned file corrected from PMFC. Rhythmic durations augmented following our project’s transcription conventions. Pitches, rhythms and mensural notation features checked and corrected against manuscript source.	Text follows PMFC edition. Variants in source noted below.	Initial proofreading complete. Final proofreading needed.		Almifonis melos cum vocibus	Rosa sine culpa spina	[TENOR]	
Virtutibus	Philippe de Vitry (attrib.)	Motet	Iv	4v, 5r	4		Apt, Bar 5170, BernA, Br, Lu 342A, San Lorenzo, Sm 222, Tarragona 1, Troyes1397	PMFC1		IvTrem/virtutibus.mei	IvTrem/virtutibus_MENSURAL.mei			No			https://www.diamm.ac.uk/sources/141/		KD	4/25/2016	EH, SH, KD		Original MusicXML file from Cuthbert (which was transcribed from PMFC). Rhythmic durations augmented following our project’s transcription conventions. Pitches, rhythms and mensural notation features checked and corrected against manuscript source.	Text follows PMFC edition. Variants in source noted below.	Initial proofreading complete. Final proofreading needed.		Impudenter circumivi solum quod mare terminat	Virtutibus laudabilis	[TENOR]	[CONTRATENOR]
Zodiacum	Anonymous	Motet	Iv	12v, 13r	3		BarcA, BarcC, Lu 2515, Lpro, Oas 56, Pad C, San Lorenzo, Sm 222, Tarragona 2, Wn 922, Wn 5094, Trem (index)	PMFC5		IvTrem/zodiacum.mei	IvTrem/zodiacum_MENSURAL.mei			No			https://www.diamm.ac.uk/sources/141/		SH	5/15/2016	EH, SH, KD		Scanned file corrected from PMFC. Rhythmic durations augmented following our project’s transcription conventions. Pitches, rhythms and mensural notation features checked and corrected against manuscript source.	Text follows PMFC edition. Variants in source noted below.	Initial proofreading complete. Final proofreading needed.		Apollinis eclipsatur	Zodiacum signis lustrantibus	IN OMNEM TERRAM	